id,compile
0,0
1,0
10,0
100,0
1000,1
1001,0
1002,0
1003,0
1004,0
1005,1
1006,0
1007,0
1008,0
1009,0
101,0
1010,0
1011,1
1012,0
1013,1
1014,0
1015,0
1016,0
1017,0
1018,1
1019,1
102,0
1020,0
1021,0
1022,0
1023,1
1024,1
1025,0
1026,0
1027,0
1028,0
1029,0
103,0
1030,0
1031,1
1032,1
1033,1
1034,1
1035,0
1036,1
1037,0
1038,0
1039,0
104,0
1040,1
1041,1
1042,1
1043,1
1044,0
1045,0
1046,0
1047,0
1048,1
1049,0
105,0
1050,0
1051,0
1052,0
1053,1
1054,1
1055,1
1056,1
1057,1
1058,1
1059,1
106,0
1060,1
1061,0
1062,0
1063,0
1064,1
1065,0
1066,0
1067,0
1068,1
1069,1
107,0
1070,0
1071,1
1072,1
1073,1
1074,1
1075,0
1076,1
1077,1
1078,1
1079,0
108,0
1080,0
1081,1
1082,0
1083,0
1084,0
1085,1
1086,0
1087,0
1088,0
1089,1
109,0
1090,1
1091,1
1092,0
1093,0
1094,0
1095,0
1096,0
1097,0
1098,1
1099,1
11,0
110,0
1100,0
1101,1
1102,0
1103,0
1104,0
1105,0
1106,0
1107,0
1108,0
1109,0
111,0
1110,1
1111,1
1112,0
1113,1
1114,0
1115,1
1116,1
1117,0
1118,1
1119,0
112,0
1120,1
1121,1
1122,0
1123,0
1124,1
1125,0
1126,0
1127,1
1128,0
1129,1
113,0
1130,1
1131,0
1132,1
1133,1
1134,0
1135,1
1136,1
1137,0
1138,0
1139,1
114,0
1140,1
1141,1
1142,0
1143,0
1144,0
1145,1
1146,1
1147,0
1148,0
1149,0
115,0
1150,0
1151,0
1152,0
1153,0
1154,0
1155,0
1156,0
1157,0
1158,0
1159,0
116,0
1160,0
1161,0
1162,0
1163,0
1164,1
1165,1
1166,1
1167,0
1168,1
1169,1
117,0
1170,0
1171,0
1172,0
1173,0
1174,1
1175,0
1176,0
1177,0
1178,0
1179,0
118,0
1180,0
1181,0
1182,1
1183,1
1184,0
1185,0
1186,0
1187,1
1188,1
1189,0
119,1
1190,0
1191,0
1192,0
1193,0
1194,0
1195,1
1196,0
1197,0
1198,0
1199,1
12,0
120,0
1200,0
1201,0
1202,0
1203,1
1204,0
1205,0
1206,0
1207,0
1208,0
1209,0
121,1
1210,0
1211,1
1212,0
1213,0
1214,1
1215,0
1216,0
1217,0
1218,1
1219,1
122,0
1220,1
1221,1
1222,1
1223,1
1224,0
1225,1
1226,0
1227,0
1228,0
1229,0
123,0
1230,1
1231,0
1232,0
1233,1
1234,0
1235,0
1236,0
1237,0
1238,0
1239,0
124,1
1240,1
1241,1
1242,0
1243,0
1244,1
1245,1
1246,0
1247,0
1248,1
1249,1
125,0
1250,1
1251,1
1252,1
1253,1
1254,1
1255,1
1256,1
1257,1
1258,0
1259,0
126,1
1260,0
1261,1
1262,0
1263,1
1264,1
1265,1
1266,0
1267,1
1268,0
1269,1
127,0
1270,0
1271,1
1272,0
1273,0
1274,1
1275,0
1276,1
1277,0
1278,1
1279,1
128,1
1280,1
1281,1
1282,1
1283,1
1284,0
1285,1
1286,0
1287,1
1288,1
1289,1
129,1
1290,1
1291,0
1292,0
1293,1
1294,1
1295,1
1296,0
1297,0
1298,1
1299,1
13,0
130,1
1300,1
1301,1
1302,1
1303,1
1304,1
1305,1
1306,0
1307,1
1308,1
1309,0
131,1
1310,0
1311,0
1312,1
1313,0
1314,0
1315,1
1316,1
1317,1
1318,0
1319,0
132,1
1320,1
1321,1
1322,1
1323,0
1324,0
1325,0
1326,1
1327,1
1328,1
1329,1
133,0
1330,0
1331,0
1332,0
1333,0
1334,0
1335,1
1336,0
1337,1
1338,1
1339,1
134,0
1340,1
1341,0
1342,1
1343,1
1344,1
1345,1
1346,1
1347,1
1348,0
1349,1
135,0
1350,1
1351,0
1352,1
1353,1
1354,1
1355,1
1356,1
1357,1
1358,1
1359,1
136,0
1360,1
1361,1
1362,0
1363,1
1364,1
1365,1
1366,0
1367,1
1368,1
1369,1
137,0
1370,1
1371,1
1372,1
1373,1
1374,1
1375,1
1376,1
1377,0
1378,1
1379,1
138,0
1380,1
1381,1
1382,1
1383,0
1384,1
1385,1
1386,1
1387,0
1388,0
1389,1
139,0
1390,1
1391,1
1392,0
1393,0
1394,1
1395,1
1396,1
1397,1
1398,1
1399,1
14,0
140,0
1400,1
1401,0
1402,1
1403,0
1404,0
1405,0
1406,0
1407,0
1408,0
1409,0
141,1
1410,0
1411,0
1412,0
1413,1
1414,0
1415,0
1416,0
1417,0
1418,0
1419,0
142,1
1420,1
1421,1
1422,1
1423,0
1424,1
1425,0
1426,0
1427,0
1428,0
1429,1
143,0
1430,0
1431,0
1432,0
1433,0
1434,1
1435,1
1436,1
1437,0
1438,1
1439,1
144,0
1440,1
1441,0
1442,1
1443,0
1444,0
1445,1
1446,0
1447,1
1448,1
1449,1
145,1
1450,1
1451,1
1452,1
1453,0
1454,0
1455,1
1456,1
1457,1
1458,0
1459,0
146,1
1460,1
1461,1
1462,1
1463,1
1464,1
1465,1
1466,1
1467,0
1468,0
1469,0
147,1
1470,0
1471,0
1472,0
1473,0
1474,0
1475,0
1476,0
1477,0
1478,0
1479,1
148,1
1480,0
1481,0
1482,0
1483,0
1484,0
1485,0
1486,1
1487,1
1488,1
1489,1
149,1
1490,0
1491,0
1492,0
1493,0
1494,1
1495,0
1496,0
1497,0
1498,0
1499,1
15,0
150,0
1500,0
1501,1
1502,1
1503,0
1504,1
1505,1
1506,1
1507,0
1508,0
1509,0
151,0
1510,0
1511,0
1512,0
1513,1
1514,1
1515,1
1516,1
1517,1
1518,1
1519,0
152,0
1520,1
1521,1
1522,1
1523,1
1524,0
1525,1
1526,1
1527,1
1528,1
1529,1
153,0
1530,1
1531,0
1532,1
1533,0
1534,0
1535,0
1536,0
1537,0
1538,0
1539,0
154,0
1540,0
1541,0
1542,0
1543,0
1544,1
1545,0
1546,0
1547,0
1548,0
1549,0
155,0
1550,0
1551,0
1552,1
1553,1
1554,0
1555,1
1556,1
1557,0
1558,0
1559,1
156,0
1560,0
1561,0
1562,0
1563,0
1564,1
1565,0
1566,0
1567,1
1568,1
1569,0
157,0
1570,1
1571,1
1572,1
1573,0
1574,0
1575,0
1576,0
1577,0
1578,0
1579,1
158,0
1580,1
1581,1
1582,1
1583,1
1584,1
1585,1
1586,1
1587,1
1588,1
1589,1
159,0
1590,1
1591,1
1592,1
1593,1
1594,1
1595,1
1596,1
1597,0
1598,1
1599,0
16,0
160,1
1600,0
1601,0
1602,0
1603,1
1604,0
1605,0
1606,1
1607,0
1608,0
1609,0
161,0
1610,0
1611,1
1612,0
1613,0
1614,0
1615,0
1616,0
1617,0
1618,1
1619,1
162,1
1620,1
1621,1
1622,1
1623,0
1624,1
1625,0
1626,0
1627,0
1628,0
1629,1
163,0
1630,0
1631,0
1632,0
1633,1
1634,1
1635,1
1636,0
1637,1
1638,0
1639,1
164,1
1640,0
1641,1
1642,0
1643,1
1644,1
1645,1
1646,1
1647,1
1648,1
1649,1
165,1
1650,1
1651,1
1652,1
1653,1
1654,0
1655,0
1656,0
1657,0
1658,0
1659,1
166,0
1660,1
1661,1
1662,0
1663,0
1664,1
1665,1
1666,1
1667,0
1668,0
1669,1
167,0
1670,1
1671,1
1672,0
1673,1
1674,0
1675,0
1676,1
1677,1
1678,1
1679,1
168,1
1680,0
1681,0
1682,0
1683,0
1684,1
1685,0
1686,0
1687,0
1688,0
1689,1
169,1
1690,1
1691,1
1692,1
1693,1
1694,1
1695,1
1696,1
1697,1
1698,1
1699,0
17,0
170,0
1700,0
1701,1
1702,1
1703,1
1704,0
1705,0
1706,1
1707,1
1708,1
1709,1
171,1
1710,1
1711,1
1712,1
1713,1
1714,1
1715,1
1716,1
1717,0
1718,0
1719,0
172,0
1720,0
1721,0
1722,1
1723,0
1724,0
1725,0
1726,0
1727,1
1728,0
1729,0
173,0
1730,0
1731,0
1732,1
1733,1
1734,1
1735,0
1736,0
1737,0
1738,0
1739,0
174,0
1740,0
1741,1
1742,1
1743,0
1744,1
1745,1
1746,0
1747,0
1748,0
1749,1
175,0
1750,0
1751,0
1752,1
1753,1
1754,0
1755,0
1756,0
1757,1
1758,1
1759,0
176,0
1760,0
1761,0
1762,0
1763,0
1764,0
1765,0
1766,0
1767,0
1768,0
1769,0
177,0
1770,0
1771,0
1772,0
1773,0
1774,0
1775,0
1776,1
1777,1
1778,1
1779,1
178,0
1780,1
1781,1
1782,0
1783,0
1784,0
1785,0
1786,1
1787,0
1788,0
1789,0
179,0
1790,0
1791,0
1792,0
1793,0
1794,1
1795,0
1796,1
1797,1
1798,1
1799,0
18,0
180,0
1800,0
1801,1
1802,0
1803,0
1804,0
1805,0
1806,1
1807,0
1808,0
1809,1
181,1
1810,0
1811,0
1812,1
1813,0
1814,0
1815,0
1816,0
1817,0
1818,0
1819,0
182,1
1820,0
1821,0
1822,0
1823,1
1824,1
1825,1
1826,1
1827,1
1828,0
1829,0
183,1
1830,0
1831,0
1832,1
1833,1
1834,1
1835,0
1836,1
1837,1
1838,0
1839,1
184,1
1840,0
1841,0
1842,0
1843,0
1844,0
1845,0
1846,0
1847,0
1848,0
1849,0
185,1
1850,0
1851,1
1852,0
1853,0
1854,1
1855,1
1856,0
1857,1
1858,0
1859,0
186,1
1860,1
1861,0
1862,1
1863,0
1864,0
1865,0
1866,1
1867,0
1868,0
1869,0
187,1
1870,1
1871,0
1872,0
1873,0
1874,1
1875,0
1876,0
1877,0
1878,0
1879,1
188,1
1880,0
1881,0
1882,0
1883,0
1884,0
1885,0
1886,0
1887,0
1888,0
1889,1
189,1
1890,1
1891,1
1892,1
1893,1
1894,0
1895,1
1896,1
1897,0
1898,0
1899,0
19,0
190,1
1900,0
1901,1
1902,0
1903,0
1904,0
1905,1
1906,0
1907,0
1908,0
1909,0
191,0
1910,0
1911,0
1912,0
1913,1
1914,1
1915,1
1916,1
1917,0
1918,1
1919,1
192,0
1920,1
1921,1
1922,0
1923,1
1924,0
1925,1
1926,0
1927,0
1928,1
1929,0
193,0
1930,1
1931,0
1932,0
1933,0
1934,0
1935,0
1936,0
1937,0
1938,1
1939,1
194,0
1940,1
1941,0
1942,0
1943,1
1944,0
1945,0
1946,0
1947,1
1948,0
1949,0
195,0
1950,1
1951,1
1952,1
1953,0
1954,0
1955,1
1956,1
1957,1
1958,0
1959,0
196,0
1960,0
1961,1
1962,1
1963,1
1964,1
1965,0
1966,1
1967,1
1968,1
1969,1
197,0
1970,0
1971,1
1972,1
1973,0
1974,0
1975,1
1976,0
1977,0
1978,0
1979,0
198,0
1980,0
1981,0
1982,0
1983,0
1984,0
1985,0
1986,1
1987,0
1988,0
1989,1
199,0
1990,1
1991,0
1992,1
1993,1
1994,1
1995,1
1996,0
1997,0
1998,0
1999,1
2,0
20,1
200,0
2000,0
2001,1
2002,1
2003,1
2004,1
2005,1
2006,0
2007,0
2008,0
2009,1
201,0
2010,1
2011,1
2012,1
2013,1
2014,1
2015,1
2016,0
2017,0
2018,0
2019,1
202,1
2020,1
2021,0
2022,0
2023,0
2024,0
2025,0
2026,0
2027,0
2028,0
2029,0
203,1
2030,0
2031,0
2032,0
2033,0
2034,1
2035,0
2036,0
2037,0
2038,0
2039,1
204,0
2040,0
2041,0
2042,0
2043,1
2044,1
2045,1
2046,1
2047,1
2048,1
2049,1
205,0
2050,0
2051,1
2052,1
2053,1
2054,1
2055,1
2056,1
2057,1
2058,0
2059,1
206,1
2060,1
2061,1
2062,1
2063,0
2064,0
2065,1
2066,1
2067,1
2068,0
2069,0
207,0
2070,1
2071,1
2072,1
2073,1
2074,1
2075,1
2076,0
2077,1
2078,1
2079,0
208,0
2080,1
2081,1
2082,1
2083,1
2084,0
2085,1
2086,1
2087,1
2088,1
2089,0
209,1
2090,1
2091,1
2092,1
2093,1
2094,1
2095,1
2096,1
2097,1
2098,1
2099,1
21,0
210,1
2100,1
2101,0
2102,0
2103,1
2104,0
2105,0
2106,1
2107,1
2108,1
2109,1
211,0
2110,1
2111,1
2112,1
2113,1
2114,1
2115,1
2116,1
2117,1
2118,1
2119,1
212,1
2120,1
2121,1
2122,1
2123,1
2124,1
2125,1
2126,1
2127,1
2128,1
2129,0
213,1
2130,1
2131,1
2132,0
2133,1
2134,1
2135,1
2136,1
2137,0
2138,1
2139,1
214,0
2140,1
2141,1
2142,0
2143,1
2144,1
2145,1
2146,1
2147,1
2148,1
2149,1
215,0
2150,1
2151,1
2152,1
2153,0
2154,0
2155,0
2156,0
2157,0
2158,0
2159,0
216,0
2160,0
2161,0
2162,0
2163,0
2164,0
2165,1
2166,0
2167,0
2168,0
2169,0
217,0
2170,0
2171,0
2172,1
2173,1
2174,1
2175,1
2176,1
2177,1
2178,0
2179,0
218,1
2180,0
2181,0
2182,0
2183,0
2184,1
2185,1
2186,1
2187,1
2188,1
2189,0
219,0
2190,1
2191,1
2192,0
2193,1
2194,0
2195,1
2196,1
2197,0
2198,1
2199,1
22,0
220,0
2200,1
2201,1
2202,1
2203,1
2204,0
2205,0
2206,0
2207,0
2208,0
2209,0
221,1
2210,0
2211,0
2212,0
2213,0
2214,1
2215,0
2216,0
2217,0
2218,0
2219,0
222,0
2220,0
2221,0
2222,0
2223,1
2224,1
2225,0
2226,1
2227,1
2228,1
2229,0
223,0
2230,0
2231,0
2232,0
2233,0
2234,0
2235,1
2236,1
2237,1
2238,1
2239,0
224,0
2240,1
2241,1
2242,1
2243,0
2244,0
2245,1
2246,1
2247,1
2248,0
2249,1
225,0
2250,1
2251,1
2252,1
2253,1
2254,1
2255,0
2256,0
2257,0
2258,0
2259,0
226,0
2260,0
2261,0
2262,0
2263,0
2264,0
2265,1
2266,0
2267,0
2268,0
2269,0
227,0
2270,0
2271,0
2272,0
2273,0
2274,1
2275,1
2276,1
2277,1
2278,0
2279,0
228,0
2280,0
2281,1
2282,0
2283,0
2284,0
2285,1
2286,1
2287,1
2288,0
2289,1
229,0
2290,1
2291,1
2292,1
2293,0
2294,1
2295,0
2296,0
2297,0
2298,0
2299,0
23,0
230,0
2300,0
2301,0
2302,0
2303,1
2304,0
2305,0
2306,0
2307,0
2308,1
2309,1
231,0
2310,1
2311,1
2312,1
2313,1
2314,0
2315,0
2316,0
2317,0
2318,1
2319,0
232,0
2320,0
2321,0
2322,0
2323,1
2324,1
2325,1
2326,1
2327,1
2328,0
2329,0
233,0
2330,0
2331,0
2332,0
2333,0
2334,0
2335,0
2336,0
2337,0
2338,0
2339,0
234,0
2340,0
2341,0
2342,1
2343,1
2344,1
2345,1
2346,1
2347,0
2348,1
2349,0
235,0
2350,0
2351,0
2352,0
2353,0
2354,0
2355,0
2356,0
2357,0
2358,0
2359,0
236,0
2360,0
2361,0
2362,0
2363,0
2364,0
2365,0
2366,1
2367,0
2368,0
2369,0
237,0
2370,1
2371,0
2372,0
2373,0
2374,1
2375,1
2376,1
2377,1
2378,0
2379,1
238,1
2380,1
2381,1
2382,1
2383,0
2384,0
2385,0
2386,0
2387,1
2388,0
2389,0
239,0
2390,1
2391,0
2392,0
2393,0
2394,0
2395,1
2396,0
2397,0
2398,0
2399,1
24,0
240,0
2400,1
2401,1
2402,1
2403,1
2404,1
2405,1
2406,1
2407,1
2408,0
2409,0
241,1
2410,0
2411,0
2412,0
2413,0
2414,1
2415,1
2416,1
2417,0
2418,0
2419,0
242,1
2420,0
2421,0
2422,0
2423,1
2424,1
2425,1
2426,1
2427,1
2428,1
2429,1
243,0
2430,1
2431,1
2432,1
2433,0
2434,1
2435,0
2436,0
2437,0
2438,0
2439,0
244,0
2440,0
2441,0
2442,0
2443,0
2444,0
2445,1
2446,0
2447,0
2448,0
2449,0
245,0
2450,0
2451,0
2452,0
2453,0
2454,0
2455,1
2456,0
2457,0
2458,0
2459,0
246,0
2460,1
2461,0
2462,1
2463,0
2464,0
2465,1
2466,1
2467,1
2468,1
2469,1
247,1
2470,1
2471,1
2472,1
2473,1
2474,1
2475,1
2476,1
2477,1
2478,1
2479,1
248,0
2480,1
2481,1
2482,1
2483,1
2484,0
2485,0
2486,0
2487,0
2488,0
2489,0
249,0
2490,1
2491,1
2492,1
2493,0
2494,0
2495,0
2496,0
2497,0
2498,0
2499,1
25,1
250,1
2500,1
2501,1
2502,1
2503,1
2504,1
2505,1
2506,1
2507,1
2508,1
2509,0
251,0
2510,0
2511,0
2512,0
2513,0
2514,0
2515,0
2516,0
2517,0
2518,0
2519,0
252,0
2520,1
2521,0
2522,0
2523,0
2524,0
2525,0
2526,0
2527,0
2528,0
2529,0
253,0
2530,1
2531,1
2532,1
2533,1
2534,1
2535,1
2536,0
2537,0
2538,0
2539,0
254,1
2540,0
2541,0
2542,1
2543,1
2544,1
2545,1
2546,1
2547,1
2548,1
2549,1
255,0
2550,1
2551,1
2552,1
2553,1
2554,1
2555,1
2556,1
2557,1
2558,1
2559,1
256,1
2560,1
2561,1
2562,0
2563,0
2564,0
2565,0
2566,0
2567,0
2568,0
2569,0
257,0
2570,0
2571,0
2572,1
2573,0
2574,0
2575,0
2576,0
2577,0
2578,0
2579,0
258,0
2580,0
2581,0
2582,0
2583,1
2584,1
2585,0
2586,0
2587,0
2588,0
2589,0
259,0
2590,1
2591,0
2592,1
2593,0
2594,0
2595,0
2596,1
2597,1
2598,1
2599,1
26,0
260,0
2600,0
2601,1
2602,1
2603,1
2604,1
2605,0
2606,1
2607,0
2608,1
2609,1
261,0
2610,1
2611,0
2612,0
2613,0
2614,0
2615,0
2616,1
2617,1
2618,1
2619,1
262,1
2620,1
2621,1
2622,1
2623,1
2624,1
2625,1
2626,0
2627,1
2628,0
2629,1
263,0
2630,0
2631,0
2632,1
2633,1
2634,1
2635,1
2636,0
2637,0
2638,0
2639,0
264,0
2640,0
2641,1
2642,1
2643,1
2644,1
2645,1
2646,1
2647,0
2648,0
2649,1
265,0
2650,0
2651,0
2652,0
2653,1
2654,1
2655,1
2656,1
2657,1
2658,0
2659,0
266,0
2660,0
2661,0
2662,0
2663,0
2664,0
2665,0
2666,0
2667,0
2668,0
2669,0
267,0
2670,0
2671,1
2672,1
2673,1
2674,1
2675,0
2676,0
2677,0
2678,1
2679,0
268,0
2680,0
2681,0
2682,0
2683,0
2684,0
2685,0
2686,0
2687,0
2688,0
2689,0
269,0
2690,0
2691,0
2692,0
2693,1
2694,0
2695,0
2696,0
2697,0
2698,0
2699,1
27,0
270,0
2700,1
2701,0
2702,0
2703,0
2704,0
2705,0
2706,0
2707,0
2708,0
2709,0
271,0
2710,0
2711,0
2712,0
2713,0
2714,0
2715,0
2716,0
2717,0
2718,0
2719,0
272,0
2720,0
2721,0
2722,0
2723,0
2724,0
2725,0
2726,0
2727,1
2728,1
2729,1
273,1
2730,0
2731,1
2732,0
2733,0
2734,1
2735,0
2736,1
2737,1
2738,0
2739,1
274,0
2740,1
2741,0
2742,0
2743,0
2744,0
2745,0
2746,0
2747,0
2748,0
2749,0
275,0
2750,0
2751,0
2752,0
2753,0
2754,0
2755,1
2756,1
2757,0
2758,0
2759,1
276,0
2760,0
2761,0
2762,0
2763,0
2764,0
2765,0
2766,1
2767,0
2768,0
2769,0
277,1
2770,0
2771,0
2772,0
2773,0
2774,1
2775,0
2776,0
2777,0
2778,0
2779,1
278,0
2780,0
2781,0
2782,0
2783,0
2784,0
2785,0
2786,0
2787,1
2788,0
2789,0
279,0
2790,0
2791,0
2792,0
2793,0
2794,0
2795,1
2796,1
2797,0
2798,0
2799,0
28,0
280,1
2800,1
2801,0
2802,0
2803,0
2804,1
2805,1
2806,1
2807,0
2808,1
2809,0
281,1
2810,0
2811,1
2812,0
2813,1
2814,1
2815,0
2816,1
2817,1
2818,0
2819,0
282,0
2820,0
2821,0
2822,0
2823,0
2824,0
2825,0
2826,0
2827,0
2828,0
2829,0
283,0
2830,0
2831,0
2832,0
2833,0
2834,0
2835,0
2836,0
2837,1
2838,0
2839,0
284,1
2840,0
2841,0
2842,0
2843,0
2844,0
2845,1
2846,0
2847,0
2848,0
2849,1
285,1
2850,0
2851,0
2852,1
2853,0
2854,0
2855,0
2856,0
2857,0
2858,0
2859,0
286,1
2860,0
2861,0
2862,0
2863,0
2864,0
2865,0
2866,1
2867,0
2868,0
2869,0
287,0
2870,0
2871,0
2872,0
2873,0
2874,0
2875,0
2876,0
2877,0
2878,0
2879,0
288,0
2880,0
2881,0
2882,0
2883,0
2884,0
2885,1
2886,0
2887,0
2888,0
2889,0
289,1
2890,0
2891,0
2892,0
2893,0
2894,0
2895,0
2896,0
2897,0
2898,0
2899,1
29,1
290,0
2900,0
2901,0
2902,0
2903,1
2904,0
2905,0
2906,0
2907,0
2908,0
2909,0
291,1
2910,0
2911,0
2912,0
2913,0
2914,0
2915,0
2916,0
2917,0
2918,0
2919,0
292,0
2920,0
2921,0
2922,1
2923,0
2924,0
2925,0
2926,1
2927,0
2928,0
2929,0
293,1
2930,0
2931,0
2932,0
2933,0
2934,0
2935,0
2936,0
2937,0
2938,0
2939,0
294,1
2940,0
2941,1
2942,0
2943,0
2944,1
2945,0
2946,0
2947,0
2948,0
2949,0
295,0
2950,0
2951,0
2952,0
2953,0
2954,0
2955,0
2956,0
2957,0
2958,0
2959,0
296,0
2960,0
2961,0
2962,1
2963,0
2964,0
2965,0
2966,0
2967,0
2968,0
2969,0
297,0
2970,0
2971,0
2972,1
2973,0
2974,0
2975,0
2976,1
2977,1
2978,0
2979,1
298,1
2980,0
2981,0
2982,0
2983,0
2984,0
2985,0
2986,0
2987,0
2988,0
2989,0
299,0
2990,0
2991,0
2992,1
2993,1
2994,0
2995,0
2996,1
2997,0
2998,0
2999,0
3,0
30,0
300,0
3000,0
3001,1
3002,0
3003,0
3004,0
3005,0
3006,0
3007,0
3008,1
3009,0
301,0
3010,1
3011,1
3012,1
3013,1
3014,1
3015,1
3016,0
3017,1
3018,0
3019,0
302,0
3020,0
3021,0
3022,0
3023,0
3024,0
3025,0
3026,0
3027,1
3028,0
3029,0
303,0
3030,0
3031,1
3032,0
3033,0
3034,0
3035,1
3036,1
3037,0
3038,1
3039,0
304,0
3040,1
3041,0
3042,1
3043,1
3044,0
3045,1
3046,0
3047,1
3048,1
3049,1
305,0
3050,1
3051,0
3052,1
3053,1
3054,1
3055,1
3056,1
3057,0
3058,0
3059,0
306,1
3060,0
3061,0
3062,0
3063,1
3064,0
3065,0
3066,0
3067,1
3068,1
3069,0
307,1
3070,1
3071,0
3072,0
3073,0
3074,0
3075,0
3076,0
3077,0
3078,1
3079,0
308,0
3080,0
3081,0
3082,0
3083,0
3084,0
3085,0
3086,0
3087,0
3088,0
3089,0
309,0
3090,1
3091,1
3092,1
3093,0
3094,0
3095,0
3096,1
3097,0
3098,0
3099,0
31,1
310,0
3100,0
3101,0
3102,0
3103,0
3104,0
3105,0
3106,0
3107,0
3108,0
3109,0
311,1
3110,0
3111,1
3112,1
3113,0
3114,0
3115,0
3116,1
3117,1
3118,0
3119,0
312,1
3120,0
3121,0
3122,0
3123,0
3124,1
3125,0
3126,0
3127,0
3128,0
3129,1
313,0
3130,0
3131,1
3132,0
3133,0
3134,0
3135,1
3136,0
3137,0
3138,0
3139,0
314,0
3140,0
3141,0
3142,0
3143,0
3144,1
3145,1
3146,0
3147,0
3148,0
3149,0
315,0
3150,0
3151,1
3152,0
3153,0
3154,0
3155,0
3156,0
3157,0
3158,0
3159,0
316,1
3160,1
3161,0
3162,1
3163,0
3164,1
3165,0
3166,0
3167,0
3168,0
3169,0
317,1
3170,0
3171,0
3172,0
3173,0
3174,0
3175,0
3176,0
3177,0
3178,0
3179,1
318,1
3180,0
3181,0
3182,0
3183,0
3184,0
3185,0
3186,0
3187,0
3188,0
3189,1
319,0
3190,1
3191,1
3192,1
3193,1
3194,1
3195,1
3196,1
3197,1
3198,1
3199,1
32,0
320,1
3200,1
3201,1
3202,1
3203,0
3204,0
3205,0
3206,0
3207,1
3208,0
3209,0
321,1
3210,0
3211,0
3212,1
3213,1
3214,1
3215,1
3216,0
3217,0
3218,0
3219,0
322,1
3220,0
3221,1
3222,1
3223,1
3224,0
3225,0
3226,0
3227,0
3228,0
3229,0
323,1
3230,0
3231,0
3232,0
3233,0
3234,0
3235,0
3236,1
3237,0
3238,0
3239,0
324,1
3240,0
3241,1
3242,0
3243,1
3244,1
3245,0
3246,1
3247,0
3248,0
3249,1
325,1
3250,0
3251,1
3252,0
3253,0
3254,0
3255,0
3256,0
3257,0
3258,0
3259,0
326,0
3260,0
3261,1
3262,0
3263,0
3264,1
3265,1
3266,0
3267,0
3268,0
3269,0
327,1
3270,0
3271,0
3272,0
3273,0
3274,1
3275,0
3276,0
3277,0
3278,0
3279,1
328,0
3280,0
3281,0
3282,0
3283,1
3284,0
3285,0
3286,0
3287,0
3288,0
3289,0
329,0
3290,0
3291,0
3292,0
3293,0
3294,0
3295,0
3296,0
3297,1
3298,0
3299,0
33,0
330,1
3300,0
3301,0
3302,0
3303,0
3304,0
3305,0
3306,0
3307,0
3308,0
3309,0
331,0
3310,0
3311,0
3312,0
3313,0
3314,0
3315,0
3316,0
3317,0
3318,1
3319,1
332,1
3320,1
3321,1
3322,0
3323,0
3324,0
3325,0
3326,0
3327,0
3328,1
3329,1
333,0
3330,1
3331,1
3332,0
3333,1
3334,0
3335,1
3336,0
3337,0
3338,1
3339,0
334,0
3340,0
3341,0
3342,0
3343,0
3344,1
3345,0
3346,0
3347,0
3348,0
3349,0
335,1
3350,0
3351,0
3352,0
3353,1
3354,0
3355,0
3356,0
3357,0
3358,1
3359,0
336,0
3360,0
3361,0
3362,0
3363,0
3364,1
3365,0
3366,1
3367,1
3368,0
3369,0
337,1
3370,0
3371,1
3372,0
3373,0
3374,0
3375,0
3376,1
3377,0
3378,0
3379,1
338,0
3380,0
3381,0
3382,0
3383,1
3384,0
3385,1
3386,1
3387,1
3388,1
3389,0
339,0
3390,1
3391,1
3392,1
3393,0
3394,1
3395,1
3396,0
3397,1
3398,0
3399,0
34,0
340,1
3400,0
3401,0
3402,0
3403,1
3404,0
3405,0
3406,1
3407,0
3408,0
3409,0
341,0
3410,0
3411,0
3412,0
3413,0
3414,0
3415,0
3416,0
3417,1
3418,1
3419,0
342,1
3420,1
3421,1
3422,0
3423,0
3424,0
3425,0
3426,0
3427,1
3428,0
3429,0
343,0
3430,0
3431,0
3432,1
3433,0
3434,1
3435,1
3436,0
3437,0
3438,0
3439,0
344,0
3440,1
3441,0
3442,1
3443,0
3444,0
3445,0
3446,0
3447,0
3448,0
3449,1
345,0
3450,0
3451,1
3452,0
3453,0
3454,0
3455,0
3456,0
3457,0
3458,1
3459,0
346,0
3460,1
3461,0
3462,0
3463,1
3464,0
3465,0
3466,1
3467,0
3468,1
3469,1
347,0
3470,0
3471,1
3472,0
3473,1
3474,1
3475,0
3476,0
3477,1
3478,0
3479,0
348,0
3480,0
3481,1
3482,0
3483,0
3484,0
3485,0
3486,0
3487,0
3488,0
3489,0
349,0
3490,0
3491,0
3492,0
3493,0
3494,0
3495,0
3496,0
3497,0
3498,0
3499,0
35,0
350,0
3500,0
3501,0
3502,0
3503,0
3504,1
3505,0
3506,0
3507,0
3508,0
3509,0
351,0
3510,0
3511,0
3512,1
3513,0
3514,1
3515,0
3516,0
3517,0
3518,1
3519,0
352,0
3520,1
3521,1
3522,0
3523,0
3524,0
3525,0
3526,0
3527,0
3528,0
3529,0
353,0
3530,0
3531,0
3532,0
3533,0
3534,1
3535,0
3536,0
3537,0
3538,1
3539,0
354,0
3540,0
3541,0
3542,0
3543,1
3544,0
3545,0
3546,0
3547,0
3548,0
3549,0
355,0
3550,1
3551,1
3552,1
3553,1
3554,1
3555,1
3556,1
3557,1
3558,1
3559,0
356,1
3560,0
3561,0
3562,0
3563,0
3564,0
3565,0
3566,0
3567,0
3568,1
3569,0
357,0
3570,0
3571,0
3572,0
3573,1
3574,1
3575,0
3576,0
3577,1
3578,1
3579,1
358,0
3580,0
3581,0
3582,1
3583,0
3584,1
3585,1
3586,0
3587,1
3588,0
3589,0
359,0
3590,1
3591,0
3592,1
3593,0
3594,1
3595,0
3596,0
3597,1
3598,0
3599,1
36,0
360,1
3600,0
3601,1
3602,0
3603,1
3604,1
3605,0
3606,1
3607,0
3608,1
3609,1
361,1
3610,0
3611,1
3612,1
3613,0
3614,0
3615,0
3616,1
3617,0
3618,0
3619,1
362,1
3620,0
3621,0
3622,0
3623,1
3624,1
3625,1
3626,0
3627,0
3628,1
3629,0
363,0
3630,0
3631,0
3632,0
3633,0
3634,1
3635,0
3636,1
3637,1
3638,1
3639,0
364,1
3640,1
3641,1
3642,0
3643,0
3644,0
3645,0
3646,1
3647,1
3648,1
3649,1
365,1
3650,1
3651,1
3652,0
3653,1
3654,1
3655,1
3656,0
3657,1
3658,1
3659,1
366,0
3660,1
3661,1
3662,1
3663,1
3664,1
3665,1
3666,1
3667,1
3668,0
3669,1
367,1
3670,0
3671,1
3672,0
3673,1
3674,0
3675,1
3676,1
3677,0
3678,0
3679,0
368,0
3680,0
3681,0
3682,0
3683,0
3684,0
3685,1
3686,1
3687,1
3688,1
3689,1
369,0
3690,1
3691,1
3692,1
3693,1
3694,1
3695,1
3696,0
3697,0
3698,1
3699,1
37,0
370,0
3700,1
3701,1
3702,1
3703,1
3704,1
3705,1
3706,1
3707,0
3708,0
3709,0
371,0
3710,1
3711,1
3712,1
3713,1
3714,0
3715,0
3716,0
3717,0
3718,0
3719,0
372,0
3720,0
3721,0
3722,1
3723,1
3724,0
3725,1
3726,1
3727,1
3728,1
3729,1
373,0
3730,0
3731,1
3732,0
3733,0
3734,1
3735,1
3736,1
3737,1
3738,0
3739,0
374,0
3740,1
3741,1
3742,1
3743,1
3744,1
3745,1
3746,1
3747,0
3748,1
3749,1
375,0
3750,0
3751,1
3752,0
3753,1
3754,0
3755,1
3756,1
3757,1
3758,1
3759,1
376,0
3760,1
3761,1
3762,1
3763,1
3764,0
3765,0
3766,1
3767,0
3768,0
3769,1
377,0
3770,0
3771,0
3772,1
3773,1
3774,1
3775,0
3776,1
3777,1
3778,0
3779,0
378,0
3780,1
3781,1
3782,1
3783,1
3784,1
3785,0
3786,1
3787,1
3788,1
3789,1
379,1
3790,1
3791,0
3792,0
3793,0
3794,0
3795,0
3796,0
3797,0
3798,0
3799,0
38,0
380,0
3800,0
3801,0
3802,1
3803,0
3804,0
3805,0
3806,0
3807,0
3808,0
3809,0
381,0
3810,0
3811,0
3812,0
3813,0
3814,0
3815,0
3816,1
3817,1
3818,1
3819,1
382,1
3820,1
3821,0
3822,0
3823,0
3824,0
3825,0
3826,0
3827,0
3828,0
3829,1
383,1
3830,0
3831,0
3832,0
3833,0
3834,1
3835,1
3836,1
3837,0
3838,0
3839,0
384,0
3840,0
3841,0
3842,0
3843,0
3844,0
3845,0
3846,0
3847,0
3848,0
3849,0
385,1
3850,0
3851,0
3852,0
3853,0
3854,0
3855,0
3856,0
3857,0
3858,0
3859,1
386,0
3860,0
3861,0
3862,0
3863,0
3864,0
3865,0
3866,0
3867,0
3868,0
3869,0
387,1
3870,0
3871,0
3872,0
3873,0
3874,0
3875,0
3876,0
3877,0
3878,0
3879,1
388,0
3880,0
3881,0
3882,0
3883,0
3884,0
3885,0
3886,0
3887,0
3888,0
3889,0
389,0
3890,0
3891,0
3892,0
3893,1
3894,1
3895,1
3896,1
3897,0
3898,0
3899,0
39,0
390,0
3900,0
3901,0
3902,0
3903,1
3904,1
3905,1
3906,1
3907,1
3908,1
3909,1
391,0
3910,1
3911,1
3912,1
3913,1
3914,0
3915,1
3916,1
3917,1
3918,1
3919,1
392,0
3920,1
3921,1
3922,1
3923,1
3924,1
3925,1
3926,1
3927,1
3928,1
3929,1
393,0
3930,0
3931,0
3932,0
3933,0
3934,0
3935,0
3936,0
3937,0
3938,0
3939,0
394,0
3940,1
3941,1
3942,0
3943,1
3944,1
3945,1
3946,1
3947,1
3948,1
3949,0
395,0
3950,0
3951,0
3952,0
3953,0
3954,0
3955,0
3956,0
3957,0
3958,0
3959,0
396,0
3960,1
3961,1
3962,1
3963,1
3964,1
3965,1
3966,1
3967,1
3968,1
3969,1
397,0
3970,1
3971,1
3972,1
3973,0
3974,1
3975,0
3976,1
3977,0
3978,0
3979,0
398,0
3980,0
3981,0
3982,0
3983,0
3984,0
3985,0
3986,0
3987,1
3988,1
3989,1
399,1
3990,1
3991,1
3992,1
3993,1
3994,1
3995,1
3996,0
3997,0
3998,1
3999,1
4,0
40,0
400,1
4000,0
4001,1
4002,1
4003,1
4004,1
4005,1
4006,1
4007,0
4008,0
4009,0
401,1
4010,0
4011,1
4012,1
4013,1
4014,1
4015,1
4016,1
4017,1
4018,1
4019,1
402,1
4020,0
4021,0
4022,0
4023,0
4024,0
4025,0
4026,0
4027,0
4028,1
4029,1
403,0
4030,0
4031,1
4032,1
4033,0
4034,0
4035,0
4036,0
4037,0
4038,0
4039,0
404,0
4040,0
4041,0
4042,0
4043,0
4044,1
4045,1
4046,1
4047,1
4048,1
4049,1
405,0
4050,1
4051,1
4052,1
4053,1
4054,1
4055,1
4056,1
4057,1
4058,1
4059,0
406,0
4060,0
4061,0
4062,1
4063,1
4064,0
4065,0
4066,1
4067,0
4068,0
4069,0
407,1
4070,0
4071,0
4072,0
4073,1
4074,0
4075,1
4076,1
4077,0
4078,1
4079,1
408,1
4080,1
4081,0
4082,1
4083,1
4084,0
4085,1
4086,1
4087,1
4088,1
4089,1
409,0
4090,1
4091,1
4092,1
4093,1
4094,0
4095,1
4096,1
4097,0
4098,1
4099,1
41,0
410,1
4100,1
4101,1
4102,1
4103,1
4104,1
4105,0
4106,0
4107,0
4108,0
4109,0
411,1
4110,0
4111,0
4112,0
4113,0
4114,0
4115,1
4116,0
4117,0
4118,0
4119,1
412,0
4120,0
4121,0
4122,0
4123,0
4124,0
4125,1
4126,0
4127,1
4128,0
4129,0
413,1
4130,0
4131,0
4132,0
4133,0
4134,0
4135,0
4136,0
4137,0
4138,0
4139,0
414,0
4140,0
4141,0
4142,0
4143,0
4144,0
4145,0
4146,0
4147,0
4148,0
4149,0
415,0
4150,0
4151,0
4152,0
4153,0
4154,0
4155,1
4156,1
4157,1
4158,1
4159,1
416,0
4160,0
4161,0
4162,0
4163,0
4164,0
4165,0
4166,0
4167,0
4168,0
4169,1
417,0
4170,1
4171,0
4172,1
4173,1
4174,1
4175,1
4176,1
4177,0
4178,0
4179,0
418,0
4180,0
4181,0
4182,0
4183,0
4184,0
4185,0
4186,0
4187,0
4188,1
4189,0
419,0
4190,0
4191,1
4192,1
4193,1
4194,0
4195,1
4196,0
4197,0
4198,0
4199,0
42,0
420,0
4200,0
4201,0
4202,0
4203,0
4204,0
4205,0
4206,0
4207,1
4208,0
4209,0
421,0
4210,1
4211,1
4212,1
4213,1
4214,1
4215,1
4216,0
4217,0
4218,0
4219,0
422,0
4220,1
4221,0
4222,0
4223,0
4224,0
4225,1
4226,0
4227,0
4228,1
4229,0
423,0
4230,0
4231,0
4232,0
4233,0
4234,0
4235,0
4236,0
4237,0
4238,0
4239,0
424,0
4240,0
4241,0
4242,0
4243,0
4244,1
4245,0
4246,0
4247,0
425,1
426,0
427,0
428,1
429,0
43,0
430,0
431,0
432,0
433,0
434,0
435,0
436,0
437,0
438,0
439,0
44,0
440,0
441,0
442,0
443,1
444,1
445,1
446,1
447,1
448,1
449,0
45,0
450,0
451,0
452,0
453,0
454,0
455,0
456,0
457,0
458,0
459,0
46,1
460,0
461,0
462,0
463,0
464,0
465,0
466,0
467,1
468,0
469,0
47,0
470,0
471,1
472,0
473,1
474,0
475,0
476,0
477,0
478,1
479,0
48,0
480,0
481,0
482,0
483,0
484,0
485,1
486,0
487,0
488,0
489,0
49,0
490,0
491,1
492,0
493,0
494,0
495,0
496,1
497,0
498,1
499,1
5,0
50,0
500,0
501,1
502,1
503,1
504,1
505,1
506,1
507,1
508,0
509,0
51,1
510,0
511,0
512,0
513,0
514,0
515,0
516,0
517,0
518,0
519,0
52,1
520,1
521,0
522,0
523,0
524,0
525,0
526,0
527,1
528,1
529,1
53,0
530,0
531,0
532,0
533,0
534,0
535,0
536,0
537,0
538,0
539,0
54,0
540,0
541,0
542,1
543,1
544,0
545,1
546,1
547,1
548,0
549,0
55,1
550,0
551,0
552,0
553,0
554,1
555,1
556,1
557,1
558,0
559,1
56,1
560,1
561,1
562,1
563,0
564,1
565,1
566,1
567,1
568,1
569,1
57,0
570,1
571,1
572,0
573,1
574,0
575,0
576,0
577,0
578,0
579,0
58,0
580,0
581,0
582,0
583,0
584,0
585,0
586,1
587,0
588,0
589,0
59,0
590,0
591,0
592,0
593,1
594,1
595,1
596,1
597,1
598,1
599,0
6,0
60,0
600,0
601,0
602,0
603,1
604,0
605,0
606,0
607,0
608,1
609,1
61,0
610,1
611,1
612,1
613,1
614,0
615,0
616,0
617,0
618,0
619,0
62,0
620,0
621,1
622,1
623,1
624,1
625,0
626,1
627,1
628,1
629,1
63,0
630,0
631,1
632,1
633,1
634,1
635,1
636,0
637,0
638,0
639,0
64,0
640,0
641,0
642,0
643,0
644,0
645,0
646,0
647,0
648,1
649,0
65,0
650,0
651,0
652,0
653,1
654,0
655,0
656,0
657,0
658,1
659,1
66,0
660,1
661,1
662,1
663,1
664,0
665,0
666,0
667,0
668,0
669,0
67,0
670,0
671,0
672,0
673,0
674,0
675,0
676,1
677,0
678,0
679,0
68,0
680,0
681,0
682,0
683,0
684,0
685,0
686,0
687,0
688,0
689,0
69,0
690,0
691,0
692,0
693,0
694,0
695,1
696,1
697,1
698,1
699,1
7,0
70,1
700,1
701,0
702,0
703,0
704,0
705,0
706,0
707,0
708,0
709,0
71,0
710,0
711,0
712,0
713,1
714,0
715,0
716,0
717,0
718,0
719,0
72,1
720,0
721,0
722,0
723,0
724,0
725,0
726,1
727,0
728,0
729,0
73,0
730,0
731,1
732,0
733,0
734,1
735,1
736,1
737,1
738,1
739,1
74,0
740,1
741,1
742,0
743,1
744,0
745,0
746,0
747,0
748,0
749,0
75,0
750,0
751,0
752,0
753,0
754,0
755,0
756,0
757,0
758,0
759,0
76,0
760,0
761,0
762,0
763,1
764,1
765,1
766,1
767,0
768,0
769,0
77,0
770,1
771,0
772,0
773,0
774,0
775,1
776,0
777,0
778,1
779,1
78,0
780,1
781,1
782,1
783,1
784,0
785,0
786,0
787,0
788,0
789,0
79,0
790,1
791,1
792,1
793,1
794,1
795,1
796,0
797,1
798,1
799,1
8,0
80,0
800,1
801,0
802,1
803,1
804,1
805,1
806,1
807,1
808,1
809,0
81,0
810,1
811,0
812,0
813,0
814,0
815,0
816,0
817,0
818,0
819,0
82,0
820,0
821,0
822,0
823,0
824,0
825,0
826,0
827,0
828,0
829,0
83,0
830,1
831,1
832,1
833,1
834,1
835,0
836,0
837,0
838,1
839,0
84,1
840,0
841,0
842,0
843,1
844,0
845,1
846,1
847,0
848,1
849,1
85,0
850,1
851,0
852,0
853,0
854,0
855,0
856,0
857,1
858,1
859,1
86,0
860,1
861,1
862,0
863,1
864,1
865,1
866,1
867,0
868,1
869,1
87,0
870,1
871,1
872,1
873,1
874,1
875,1
876,1
877,0
878,0
879,0
88,0
880,0
881,0
882,0
883,0
884,0
885,0
886,0
887,0
888,0
889,1
89,1
890,0
891,0
892,0
893,0
894,0
895,0
896,1
897,1
898,1
899,1
9,0
90,0
900,1
901,1
902,0
903,0
904,0
905,0
906,1
907,0
908,0
909,0
91,1
910,0
911,1
912,1
913,1
914,1
915,1
916,1
917,0
918,0
919,1
92,0
920,0
921,0
922,1
923,1
924,1
925,1
926,1
927,0
928,1
929,1
93,0
930,1
931,1
932,0
933,1
934,1
935,1
936,1
937,1
938,0
939,0
94,1
940,0
941,0
942,0
943,0
944,0
945,0
946,0
947,0
948,0
949,0
95,0
950,1
951,0
952,0
953,0
954,0
955,1
956,0
957,0
958,0
959,0
96,1
960,1
961,1
962,1
963,1
964,1
965,1
966,0
967,0
968,0
969,0
97,0
970,0
971,0
972,0
973,0
974,0
975,0
976,0
977,0
978,1
979,0
98,0
980,0
981,0
982,0
983,0
984,0
985,0
986,1
987,0
988,0
989,0
99,0
990,0
991,1
992,0
993,0
994,0
995,1
996,1
997,0
998,1
999,0
